{
    "epoch": 5.0,
    "eval_f1-score": 0.6956953058112497,
    "eval_loss": 1.0628817081451416,
    "eval_precision": 0.696367041192587,
    "eval_recall": 0.6997359788783103,
    "eval_runtime": 111.517,
    "eval_samples_per_second": 224.163,
    "eval_steps_per_second": 3.506,
    "train_loss": 0.8718132496185205,
    "train_runtime": 14235.4907,
    "train_samples_per_second": 35.12,
    "train_steps_per_second": 0.549
}